dist,state,censuscode,total_area,ban_area,percent_ban,agri_area,ban_agri_area,pop,ban_pop,cultivators,ban_cultivators,agri_labour,ban_agri_labour,op_holdings,ban_op_holdings,ban_agri_area_90,ban_pop_90,ban_cultivators_90,ban_agri_labour_90,ban_op_holdings_90,ban_agri_area_50,ban_pop_50,ban_cultivators_50,ban_agri_labour_50,ban_op_holdings_50
Shimla,Himachal Pradesh,33,5171.83,4.48,0.09,1179,1,814010,705,249786,216,26114,24,110005,95.29,0.5,352.5,108,12,47.65,0.5,352.5,108,12,47.65
Ramban,Jammu & Kashmir,17,1118.03,4.87,0.44,272,1.2,283713,1236,41394,180,8810,39,40146,174.87,0.6,618,90,19.5,87.44,0.6,618,90,19.5,87.44
Patan,Gujarat,470,5700.76,32.14,0.56,3871,21.8,1343734,7576,136590,770,227080,1272,154385,870.4,10.9,3788,385,636,435.2,10.9,3788,385,636,435.2
Jodhpur,Rajasthan,113,23050.43,134.38,0.58,17769,103.6,3687165,21496,592370,3453,242017,1404,250305,1459.23,51.8,10748,1726.5,702,729.62,51.8,10748,1726.5,702,729.62
Kishtwar,Jammu & Kashmir,18,8659.75,65.59,0.76,217,1.6,230696,1747,39271,297,16296,124,42979,325.53,0.8,873.5,148.5,62,162.77,0.8,873.5,148.5,62,162.77
Tamenglong,Manipur,273,4229.8,32.27,0.76,160,1.2,140651,1073,48849,373,1924,15,7685,58.63,0.6,536.5,186.5,7.5,29.32,0.6,536.5,186.5,7.5,29.32
Marigaon,Assam,304,1558.58,12.77,0.82,919,7.5,957423,7845,157612,1291,,,100143,820.51,3.75,3922.5,645.5,,410.26,3.75,3922.5,645.5,0,410.26
Hanumangarh,Rajasthan,100,10000.43,131.34,1.31,8715,114.5,1774692,23308,370452,4865,166833,2186,176745,2321.27,57.25,11654,2432.5,1093,1160.64,57.25,11654,2432.5,1093,1160.64
Kolasib,Mizoram,282,1359.12,25.76,1.9,116,2.2,83955,1591,17992,341,5921,112,5925,112.3,1.1,795.5,170.5,56,56.15,1.1,795.5,170.5,56,56.15
Bareilly,Uttar Pradesh,150,3812.9,73.81,1.94,3410,66,4448359,86111,365985,7085,326376,6332,460452,8913.42,33,43055.5,3542.5,3166,4456.71,33,43055.5,3542.5,3166,4456.71
Saharsa,Bihar,214,1700.56,34.43,2.02,1222,24.7,1900661,38481,164600,3333,356833,7208,217085,4395.16,12.35,19240.5,1666.5,3604,2197.58,12.35,19240.5,1666.5,3604,2197.58
Gonda,Uttar Pradesh,183,4067.92,85.41,2.1,3115,65.4,3433919,72099,440340,9245,431532,9062,500277,10503.81,32.7,36049.5,4622.5,4531,5251.91,32.7,36049.5,4622.5,4531,5251.91
Jalandhar,Punjab,37,2621.98,70.21,2.68,2182,58.4,2193590,58739,85695,2295,66664,1787,47751,1278.65,29.2,29369.5,1147.5,893.5,639.33,29.2,29369.5,1147.5,893.5,639.33
Tehri Garhwal,Uttarakhand,59,3895.47,107.97,2.77,672,18.6,618931,17155,187121,5186,8129,225,86433,2395.65,9.3,8577.5,2593,112.5,1197.83,9.3,8577.5,2593,112.5,1197.83
Sitapur,Uttar Pradesh,154,5824.41,175.12,3.01,4679,140.7,4483992,134818,571097,17171,473554,14254,659978,19843.27,70.35,67409,8585.5,7127,9921.64,70.35,67409,8585.5,7127,9921.64
Imphal East,Manipur,278,928.6,37.43,4.03,205,8.3,456113,18385,36355,1465,20250,816,19710,794.47,4.15,9192.5,732.5,408,397.24,4.15,9192.5,732.5,408,397.24
Basti,Uttar Pradesh,185,2906.07,141.9,4.88,2073,101.2,2464464,120337,296928,14499,282260,13774,332032,16212.73,50.6,60168.5,7249.5,6887,8106.37,50.6,60168.5,7249.5,6887,8106.37
Pulwama,Jammu & Kashmir,12,616.3,34.82,5.65,414,23.4,560440,31664,49746,2811,34080,1926,85544,4833.1,11.7,15832,1405.5,963,2416.55,11.7,15832,1405.5,963,2416.55
Dibrugarh,Assam,310,3421.99,208.67,6.1,1640,100,1326335,80879,135194,8244,61209,3734,109439,6673.5,50,40439.5,4122,1867,3336.75,50,40439.5,4122,1867,3336.75
Dima Hasao,Assam,315,4947,325.73,6.58,121,8,214102,14097,44480,2929,4818,317,17494,1151.87,4,7048.5,1464.5,158.5,575.94,4,7048.5,1464.5,158.5,575.94
Jalor,Rajasthan,116,10824.72,816.24,7.54,8008,603.8,1828730,137896,493355,37202,158013,11914,162059,12220.09,301.9,68948,18601,5957,6110.05,301.9,68948,18601,5957,6110.05
Hugli,West Bengal,338,3174.04,278.63,8.78,2160,189.6,5519145,484493,259680,22796,583380,51221,345908,30365.2,94.8,242246.5,11398,25610.5,15182.6,94.8,242246.5,11398,25610.5,15182.6
Kangra,Himachal Pradesh,24,5751.36,559.87,9.73,2019,196.5,1510075,146999,303007,29496,54849,5337,235904,22964.23,98.25,73499.5,14748,2668.5,11482.12,98.25,73499.5,14748,2668.5,11482.12
Kapurthala,Punjab,36,1671.56,174.19,10.42,1170,121.9,815168,84947,55252,5758,42387,4417,31839,3317.88,60.95,42473.5,2879,2208.5,1658.94,60.95,42473.5,2879,2208.5,1658.94
Barddhaman,West Bengal,335,7090.26,762.84,10.76,4708,506.5,7717563,830331,342166,36814,973182,104714,487583,52458.98,253.25,415165.5,18407,52357,26229.49,253.25,415165.5,18407,52357,26229.49
Shahjahanpur,Uttar Pradesh,152,4688.2,533.15,11.37,3602,409.6,3006538,341909,344973,39231,275192,31289,409051,46517.97,204.8,170954.5,19615.5,15644.5,23258.99,204.8,170954.5,19615.5,15644.5,23258.99
Banas Kantha,Gujarat,469,10753.26,1348.25,12.54,7547,946.2,3120506,391251,475585,59629,350541,43958,306281,38401.69,473.1,195625.5,29814.5,21979,19200.85,473.1,195625.5,29814.5,21979,19200.85
Kamrup,Assam,321,2930.36,398.18,13.59,1786,242.7,1517542,206205,185803,25247,99522,13525,183634,24952.36,121.35,103102.5,12623.5,6762.5,12476.18,121.35,103102.5,12623.5,6762.5,12476.18
Sonitpur,Assam,306,5240.01,722.78,13.79,2325,320.7,1924110,265402,249123,34363,114865,15840,217566,30009.93,160.35,132701,17181.5,7920,15004.97,160.35,132701,17181.5,7920,15004.97
Goalpara,Assam,302,2027.74,284.24,14.02,819,114.8,1008183,141323,126549,17739,75828,10631,91947,12888.74,57.4,70661.5,8869.5,5315.5,6444.37,57.4,70661.5,8869.5,5315.5,6444.37
Gorakhpur,Uttar Pradesh,188,3389.1,492.79,14.54,2562,372.5,4440895,645726,255660,37174,454931,66147,473096,68790.23,186.25,322863,18587,33073.5,34395.12,186.25,322863,18587,33073.5,34395.12
Hoshiarpur,Punjab,38,3387.13,496.04,14.64,2128,311.6,1586625,232359,89772,13147,74362,10887,77626,11368.21,155.8,116179.5,6573.5,5443.5,5684.11,155.8,116179.5,6573.5,5443.5,5684.11
Muzaffarpur,Bihar,216,3208.51,484.03,15.09,2198,331.6,4801062,724280,273436,41250,769001,116042,599323,90412.78,165.8,362140,20625,58021,45206.39,165.8,362140,20625,58021,45206.39
Almora,Uttarakhand,64,3125.53,476.42,15.24,839,127.9,622506,94888,207617,31647,10274,1566,109268,16655.56,63.95,47444,15823.5,783,8327.78,63.95,47444,15823.5,783,8327.78
Rudraprayag,Uttarakhand,58,1849.5,299.91,16.22,205,33.2,242285,39288,83155,13484,3200,519,27093,4393.33,16.6,19644,6742,259.5,2196.67,16.6,19644,6742,259.5,2196.67
Kulgam,Jammu & Kashmir,15,1335.94,231.71,17.34,262,45.4,424483,73624,69173,11998,29928,5190,66724,11572.84,22.7,36812,5999,2595,5786.42,22.7,36812,5999,2595,5786.42
Mokokchung,Nagaland,262,1618.94,281.39,17.38,1282,222.8,194622,33827,48925,8504,9166,1593,14979,2603.52,111.4,16913.5,4252,796.5,1301.76,111.4,16913.5,4252,796.5,1301.76
Birbhum,West Bengal,334,4587.16,808.56,17.63,3046,536.9,3502404,617354,227254,40057,611510,107809,311561,54917.59,268.45,308677,20028.5,53904.5,27458.8,268.45,308677,20028.5,53904.5,27458.8
Anantnag,Jammu & Kashmir,14,3160.76,565.83,17.9,467,83.6,1078692,193104,140957,25234,76364,13669,119998,21481.69,41.8,96552,12617,6834.5,10740.85,41.8,96552,12617,6834.5,10740.85
Nainital,Uttarakhand,66,4169.55,830.62,19.92,559,111.4,954605,190168,137530,27397,34742,6921,50663,10092.62,55.7,95084,13698.5,3460.5,5046.31,55.7,95084,13698.5,3460.5,5046.31
South 24 Parganas,West Bengal,343,5646,1125.45,19.93,3674,732.4,8161961,1626971,355350,70834,806562,160748,614701,122531.92,366.2,813485.5,35417,80374,61265.96,366.2,813485.5,35417,80374,61265.96
Sant Kabir Nagar,Uttar Pradesh,186,1611.75,350.33,21.74,1315,285.8,1715183,372812,149604,32518,241825,52573,226241,49175.75,142.9,186406,16259,26286.5,24587.88,142.9,186406,16259,26286.5,24587.88
Bishnupur,Manipur,275,484.64,108.36,22.36,193,43.2,237399,53080,34358,7682,15109,3378,13945,3117.94,21.6,26540,3841,1689,1558.97,21.6,26540,3841,1689,1558.97
Moga,Punjab,42,2361.71,529.33,22.41,1689,378.6,995746,223177,91622,20535,82397,18465,51712,11590.21,189.3,111588.5,10267.5,9232.5,5795.11,189.3,111588.5,10267.5,9232.5,5795.11
Bikaner,Rajasthan,101,30450.58,7150.39,23.48,19615,4606,2363937,555099,499223,117227,103833,24380,224101,52623.28,2303,277549.5,58613.5,12190,26311.64,2303,277549.5,58613.5,12190,26311.64
Madhepura,Bihar,213,1850.86,484.06,26.15,1393,364.3,2001762,523526,190809,49903,484062,126582,362707,94859.66,182.15,261763,24951.5,63291,47429.83,182.15,261763,24951.5,63291,47429.83
Senapati,Manipur,272,3512.58,935.91,26.64,222,59.2,193744,51622,58987,15717,7353,1959,20580,5483.44,29.6,25811,7858.5,979.5,2741.72,29.6,25811,7858.5,979.5,2741.72
Bageshwar,Uttarakhand,63,2298.22,627.41,27.3,251,68.5,259898,70952,85125,23239,8985,2453,53869,14706.14,34.25,35476,11619.5,1226.5,7353.07,34.25,35476,11619.5,1226.5,7353.07
Zunheboto,Nagaland,263,1270.49,349.11,27.48,1133,,140757,38678,44723,12289,11955,3285,16709,4591.36,,19339,6144.5,1642.5,2295.68,0,19339,6144.5,1642.5,2295.68
Sivasagar,Assam,311,2655.64,737.09,27.76,1352,375.3,1151050,319481,138100,38331,,,96207,26702.87,187.65,159740.5,19165.5,,13351.44,187.65,159740.5,19165.5,0,13351.44
Lahul & Spiti,Himachal Pradesh,25,13912.83,3965.02,28.5,67,19.1,31564,8995,11227,3200,572,163,4274,1218.05,9.55,4497.5,1600,81.5,609.03,9.55,4497.5,1600,81.5,609.03
Tinsukia,Assam,309,3823.93,1112.24,29.09,1735,504.6,1327929,386246,149482,43479,47756,13892,93425,27173.88,252.3,193123,21739.5,6946,13586.94,252.3,193123,21739.5,6946,13586.94
East Garo Hills,Meghalaya,294,2955.49,886.99,30.01,,,317917,95412,,,,,,,,47706,,,,0,47706,0,0,0
Shupiyan,Jammu & Kashmir,13,547.38,168.29,30.74,230,70.7,266215,81847,47424,14580,,,40942,12587.47,35.35,40923.5,7290,,6293.74,35.35,40923.5,7290,0,6293.74
West Siang,Arunanchal Pradesh,250,7998.37,2534.94,31.69,,,112274,35583,28852,9144,1384,439,11586,3671.98,,17791.5,4572,219.5,1835.99,0,17791.5,4572,219.5,1835.99
Purnia,Bihar,211,3268.15,1046.42,32.02,2396,767.2,3264619,1045289,197424,63213,745015,238554,389343,124662.67,383.6,522644.5,31606.5,119277,62331.34,383.6,522644.5,31606.5,119277,62331.34
Kushinagar,Uttar Pradesh,189,2908.48,947.4,32.57,2325,757.3,3564544,1161104,265686,86544,528388,172096,462694,150716.63,378.65,580552,43272,86048,75358.32,378.65,580552,43272,86048,75358.32
Barmer,Rajasthan,115,28659.43,9530.9,33.26,22382,7443.3,2603751,865896,754260,250835,132696,44135,280346,93231.08,3721.65,432948,125417.5,22067.5,46615.54,3721.65,432948,125417.5,22067.5,46615.54
Katihar,Bihar,212,3083.24,1044.82,33.89,2058,697.4,3071029,1040682,168857,57221,672291,227839,420293,142425.02,348.7,520341,28610.5,113919.5,71212.51,348.7,520341,28610.5,113919.5,71212.51
Kargil,Jammu & Kashmir,4,14966.01,5188.17,34.67,127,44,140802,48811,8266,2866,3763,1305,19710,6832.74,22,24405.5,1433,652.5,3416.37,22,24405.5,1433,652.5,3416.37
East Kameng,Arunanchal Pradesh,247,6050.01,2152.7,35.58,211,75.1,78690,27999,21835,7769,1063,378,6980,2483.61,37.55,13999.5,3884.5,189,1241.81,37.55,13999.5,3884.5,189,1241.81
Darbhanga,Bihar,215,2305.14,933.88,40.51,1677,679.4,3937385,1595150,236673,95883,642115,260121,546093,221238.33,339.7,797575,47941.5,130060.5,110619.17,339.7,797575,47941.5,130060.5,110619.17
Kachchh,Gujarat,468,42518.94,17851.56,41.98,8028,3370.6,2092371,878481,105876,44452,183971,77231,211629,88852.35,1685.3,439240.5,22226,38615.5,44426.18,1685.3,439240.5,22226,38615.5,44426.18
Sahibganj,Jharkhand,352,2211.72,946.49,42.79,896,383.4,1150567,492377,109975,47063,206902,88533,94290,40350.74,191.7,246188.5,23531.5,44266.5,20175.37,191.7,246188.5,23531.5,44266.5,20175.37
Udham Singh Nagar,Uttarakhand,67,2772.68,1252.5,45.17,1458,658.6,1648902,744857,122686,55421,165250,74643,106859,48271.31,329.3,372428.5,27710.5,37321.5,24135.66,329.3,372428.5,27710.5,37321.5,24135.66
Udhampur,Jammu & Kashmir,19,2412.57,1115.92,46.25,595,275.2,554985,256705,113020,52277,11396,5271,65200,30157.87,137.6,128352.5,26138.5,2635.5,15078.94,137.6,128352.5,26138.5,2635.5,15078.94
Muktsar,Punjab,44,2621.74,1237.71,47.21,2337,1103.3,901896,425780,86565,40867,111014,52410,34049,16074.36,551.65,212890,20433.5,26205,8037.18,551.65,212890,20433.5,26205,8037.18
Uttarkashi,Uttarakhand,56,8106.4,3900.87,48.12,341,164.1,330086,158840,117264,56428,4387,2111,39536,19025.07,82.05,79420,28214,1055.5,9512.54,82.05,79420,28214,1055.5,9512.54
Barpeta,Assam,303,2329.53,1142.32,49.04,1620,794.4,1693622,830493,205259,100652,98946,48523,127093,62321.96,397.2,415246.5,50326,24261.5,31160.98,397.2,415246.5,50326,24261.5,31160.98
Cachar,Assam,316,3817.41,1996.14,52.29,1067,557.9,1736617,908084,120356,62935,68664,35904,99361,51956.29,278.95,454042,31467.5,17952,25978.15,557.9,908084,62935,35904,51956.29
Jaisalmer,Rajasthan,114,38745.99,20749.2,53.55,8665,4640.3,669919,358754,132466,70938,43872,23493,99342,53199.49,2320.15,179377,35469,11746.5,26599.75,4640.3,358754,70938,23493,53199.49
Chamoli,Uttarakhand,57,7888.56,4225.91,53.57,348,186.4,391605,209783,121157,64904,3845,2060,44915,24061.01,93.2,104891.5,32452,1030,12030.51,186.4,209783,64904,2060,24061.01
Lower Dibang Valley,Arunanchal Pradesh,258,5731.13,3086.54,53.86,136,73.2,54080,29125,9687,5217,3354,1806,2245,1209.06,36.6,14562.5,2608.5,903,604.53,73.2,29125,5217,1806,1209.06
Faridkot,Punjab,45,1460.22,787.47,53.93,1351,728.6,617508,333011,53230,28706,54058,29153,35669,19235.64,364.3,166505.5,14353,14576.5,9617.82,728.6,333011,28706,29153,19235.64
Leh (ladakh),Jammu & Kashmir,3,80667.65,44704.4,55.42,145,80.4,133487,73976,20869,11565,,,21505,11917.64,40.2,36988,5782.5,,5958.82,80.4,73976,11565,0,11917.64
Kurung Kumey,Arunanchal Pradesh,256,6836.8,3839.56,56.16,,,92076,51710,27417,15397,2947,1655,5496,3086.56,,25855,7698.5,827.5,1543.28,0,51710,15397,1655,3086.56
Aizawl,Mizoram,283,3765.71,2119.93,56.3,152,85.6,400309,225356,39266,22105,11434,6437,16329,9192.51,42.8,112678,11052.5,3218.5,4596.26,85.6,225356,22105,6437,9192.51
Lohit,Arunanchal Pradesh,259,3924.14,2228.11,56.78,,,145726,82743,29909,16982,7789,4423,10284,5839.21,,41371.5,8491,2211.5,2919.61,0,82743,16982,4423,5839.21
Upper Subansiri,Arunanchal Pradesh,249,6464.28,3792.6,58.67,542,318,83448,48959,21690,12726,1846,1083,7299,4282.33,159,24479.5,6363,541.5,2141.17,318,48959,12726,1083,4282.33
Pakur,Jharkhand,353,1829.87,1098.5,60.03,867,520.5,900422,540538,105334,63234,,,117074,70281.38,260.25,270269,31617,,35140.69,520.5,540538,63234,0,70281.38
Nalbari,Assam,323,1040.12,647.63,62.26,702,437.1,771639,480460,58070,36157,34984,21781,66555,41440.42,218.55,240230,18078.5,10890.5,20720.21,437.1,480460,36157,21781,41440.42
Kheri,Uttar Pradesh,153,7767.25,4999.75,64.37,5092,3277.7,4021243,2588459,529223,340659,422142,271733,611962,393917.67,1638.85,1294229.5,170329.5,135866.5,196958.84,3277.7,2588459,340659,271733,393917.67
Bongaigaon,Assam,319,1060.95,696.52,65.65,576,378.1,738804,485029,83442,54780,47406,31122,78957,51835.74,189.05,242514.5,27390,15561,25917.87,378.1,485029,54780,31122,51835.74
Bahraich,Uttar Pradesh,180,4358.91,2942.56,67.51,3475,2345.9,3487731,2354455,430227,290432,482897,326004,505793,341444.59,1172.95,1177227.5,145216,163002,170722.3,2345.9,2354455,290432,326004,341444.59
Darrang,Assam,325,1625.23,1121.5,69.01,778,536.9,928500,640717,129456,89332,81617,56324,95964,66220.55,268.45,320358.5,44666,28162,33110.28,536.9,640717,89332,56324,66220.55
West Khasi Hills,Meghalaya,296,5271.64,3640.77,69.06,,,383461,264831,,,,,,,,132415.5,,,,0,264831,0,0,0
Kathua,Jammu & Kashmir,7,2370.28,1656.69,69.89,767,536.1,616435,430853,69533,48600,21566,15072,80891,56538.18,268.05,215426.5,24300,7536,28269.09,536.1,430853,48600,15072,56538.18
Thoubal,Manipur,276,719.77,508.1,70.59,341,240.7,422168,298017,77331,54590,33106,23370,32610,23020.05,120.35,149008.5,27295,11685,11510.03,240.7,298017,54590,23370,23020.05
Kinnaur,Himachal Pradesh,34,6504.35,4720.91,72.58,142,103.1,84121,61056,32995,23948,2537,1841,10757,7807.52,51.55,30528,11974,920.5,3903.76,103.1,61056,23948,1841,7807.52
Upper Siang,Arunanchal Pradesh,252,6816.01,5141.17,75.43,182,137.3,35320,26641,9976,7525,804,606,3715,2802.14,68.65,13320.5,3762.5,303,1401.07,137.3,26641,7525,606,2802.14
Pilibhit,Uttar Pradesh,151,3618.98,2783.07,76.9,2312,1778,2031007,1561886,216476,166474,224192,172404,222158,170844.07,889,780943,83237,86202,85422.04,1778,1561886,166474,172404,170844.07
Ganganagar,Rajasthan,99,10758.77,8287.67,77.03,8487,6537.7,1969168,1516885,268297,206674,230438,177506,114941,88541.08,3268.85,758442.5,103337,88753,44270.54,6537.7,1516885,206674,177506,88541.08
Jaintia Hills,Meghalaya,299,3829.35,3118.19,81.43,,,395124,321744,,,,,,,,160872,,,,0,321744,0,0,0
Phek,Nagaland,266,2068.9,1692.19,81.79,687,561.9,163418,133662,55091,45060,3159,2584,18825,15397.3,280.95,66831,22530,1292,7698.65,561.9,133662,45060,2584,15397.3
Purba Champaran,Bihar,204,4011.11,3345.93,83.42,3416,2849.5,5099371,4253720,349032,291150,1057417,882097,935396,780275.17,1424.75,2126860,145575,441048.5,390137.59,2849.5,4253720,291150,882097,780275.17
West Kameng,Arunanchal Pradesh,246,5307.29,4466.26,84.15,140,117.8,83947,70644,14476,12182,1705,1435,6416,5399.28,58.9,35322,6091,717.5,2699.64,117.8,70644,12182,1435,5399.28
Murshidabad,West Bengal,333,5384.98,4579.85,85.05,4387,3731.1,7103807,6041688,381076,324100,842294,716371,599107,509532.1,1865.55,3020844,162050,358185.5,254766.05,3731.1,6041688,324100,716371,509532.1
Badgam,Jammu & Kashmir,2,1291.28,1102.65,85.39,491,419.3,753745,643638,55299,47221,36630,31278,113728,97114.63,209.65,321819,23610.5,15639,48557.32,419.3,643638,47221,31278,97114.63
Dhubri,Assam,301,2316.19,1986.22,85.75,1202,1030.8,1949258,1671562,205305,176057,171116,146732,128763,110419.11,515.4,835781,88028.5,73366,55209.56,1030.8,1671562,176057,146732,110419.11
Reasi,Jammu & Kashmir,20,2296.27,1987.55,86.56,351,303.8,314667,272362,96147,83221,4009,3470,41123,35594.25,151.9,136181,41610.5,1735,17797.13,303.8,272362,83221,3470,35594.25
Amritsar,Punjab,49,2675.91,2383.56,89.07,2161,1924.9,2490656,2218545,124617,111002,121599,108308,69924,62284.62,962.45,1109272.5,55501,54154,31142.31,1924.9,2218545,111002,108308,62284.62
Serchhip,Mizoram,285,1162.15,1038.99,89.4,89,79.6,64937,58055,21804,19493,1284,1148,7432,6644.39,39.8,29027.5,9746.5,574,3322.2,79.6,58055,19493,1148,6644.39
Shrawasti,Uttar Pradesh,181,2523.97,2269.3,89.91,1357,1220.1,1117361,1004619,163449,146957,165118,148458,193107,173622.39,610.05,502309.5,73478.5,74229,86811.2,1220.1,1004619,146957,148458,173622.39
Churachandpur,Manipur,274,4619.4,4196.82,90.85,137,124.5,274143,249065,64834,58903,8282,7524,15390,13982.13,124.5,249065,58903,7524,13982.13,124.5,249065,58903,7524,13982.13
West Garo Hills,Meghalaya,293,3373.99,3068.48,90.95,,,643291,585042,,,,,,,,585042,,,,0,585042,0,0,0
Srinagar,Jammu & Kashmir,10,1071.81,975.2,90.99,114,103.7,1236829,1125345,12228,11126,10408,9470,36499,33209.08,103.7,1125345,11126,9470,33209.08,103.7,1125345,11126,9470,33209.08
Balrampur,Uttar Pradesh,182,3349.58,3055.19,91.21,2265,2065.9,2148665,1959822,276614,252303,328768,299869,295033,269102.95,2065.9,1959822,252303,299869,269102.95,2065.9,1959822,252303,299869,269102.95
North 24 Parganas,West Bengal,337,5868.24,5355.66,91.27,2810,2564.6,10009781,9135445,288058,262897,599039,546743,444850,405993.17,2564.6,9135445,262897,546743,405993.17,2564.6,9135445,262897,546743,405993.17
Hailakandi,Assam,318,1343.77,1242.21,92.44,739,683.1,659296,609467,65673,60710,31248,28886,67396,62302.32,683.1,609467,60710,28886,62302.32,683.1,609467,60710,28886,62302.32
Maldah,West Bengal,332,3629.14,3410.93,93.99,2963,2784.8,3988845,3749007,255182,239839,545759,512959,392621,369013.8,2784.8,3749007,239839,512959,369013.8,2784.8,3749007,239839,512959,369013.8
Tarn Taran,Punjab,50,2407.92,2271.23,94.32,1914,1805.3,1119627,1056069,115853,109276,81216,76603,58967,55619.63,1805.3,1056069,109276,76603,55619.63,1805.3,1056069,109276,76603,55619.63
Gurdaspur,Punjab,35,3640.57,3453.38,94.86,,,2298323,2180148,,,,,,,,2180148,,,,0,2180148,0,0,0
Pashchim Champaran,Bihar,203,5289.45,5051.58,95.5,3313,3164,3935042,3758081,217539,207756,998833,953886,810191,773756.18,3164,3758081,207756,953886,773756.18,3164,3758081,207756,953886,773756.18
Tuensang,Nagaland,267,2489.5,2386.57,95.87,1783,1709.3,196596,188468,75212,72102,3913,3751,23394,22426.76,1709.3,188468,72102,3751,22426.76,1709.3,188468,72102,3751,22426.76
Dibang Valley,Arunanchal Pradesh,257,7464.87,7169.4,96.04,38,36.5,8004,7687,1290,1239,106,102,1246,1196.68,36.5,7687,1239,102,1196.68,36.5,7687,1239,102,1196.68
Mamit,Mizoram,281,3061.98,3004,98.11,174,170.7,86364,84729,28669,28126,2553,2505,10438,10240.35,170.7,84729,28126,2505,10240.35,170.7,84729,28126,2505,10240.35
Ukhrul,Manipur,279,4494.25,4419.01,98.33,152,149.5,183998,180918,56815,55864,3852,3788,12305,12099,149.5,180918,55864,3788,12099,149.5,180918,55864,3788,12099
Kokrajhar,Assam,300,3201.17,3153.28,98.5,884,870.8,887142,873870,,,,,124650,122785.22,870.8,873870,,,122785.22,870.8,873870,0,0,122785.22
Maharajganj,Uttar Pradesh,187,2921.37,2878.88,98.55,2062,2032,2684703,2645655,229847,226504,532486,524765,386468,380847,2032,2645655,226504,524765,380847,2032,2645655,226504,524765,380847
East Khasi Hills,Meghalaya,298,2828.64,2791.77,98.7,387,382,825922,815156,76767,75766,40889,40357,32534,32109.93,382,815156,75766,40357,32109.93,382,815156,75766,40357,32109.93
Madhubani,Bihar,207,3466.38,3429.74,98.94,2358,2333.1,4487379,4439947,396880,392685,940642,930671,635211,628496.75,2333.1,4439947,392685,930671,628496.75,2333.1,4439947,392685,930671,628496.75
Firozpur,Punjab,43,5238.12,5193.39,99.15,,,2029074,2011747,,,,,,,,2011747,,,,0,2011747,0,0,0
Sitamarhi,Bihar,206,2349.53,2336.1,99.43,1550,1541.1,3423574,3404005,216012,214777,635907,632282,651972,648245.3,1541.1,3404005,214777,632282,648245.3,1541.1,3404005,214777,632282,648245.3
Supaul,Bihar,208,2417.53,2407.09,99.57,1691,1683.7,2229076,2219450,201882,201010,554271,551888,375901,374277.69,1683.7,2219450,201010,551888,374277.69,1683.7,2219450,201010,551888,374277.69
Pithoragarh,Uttarakhand,62,7292.33,7261.47,99.58,440,438.1,483439,481393,137332,136751,5432,5409,79846,79508.1,438.1,481393,136751,5409,79508.1,438.1,481393,136751,5409,79508.1
Anjaw,Arunanchal Pradesh,260,6561.99,6558.04,99.94,93,92.9,21167,21154,6316,6312,181,181,2713,2711.37,92.9,21154,6312,181,2711.37,92.9,21154,6312,181,2711.37
Siddharth Nagar,Uttar Pradesh,184,2854.1,2853.11,99.97,2447,2446.2,2559297,2558409,298360,298257,,,406410,406269.03,2446.2,2558409,298257,,406269.03,2446.2,2558409,298257,0,406269.03
Nadia,West Bengal,336,3954.86,3954.4,99.99,3500,3499.6,5167600,5166999,308742,308706,556134,556078,424206,424156.66,3499.6,5166999,308706,556078,424156.66,3499.6,5166999,308706,556078,424156.66
Araria,Bihar,209,2829.15,2829.14,100,2161,2161,2811569,2811559,222913,222912,691947,691947,388978,388976.63,2161,2811559,222912,691947,388976.63,2161,2811559,222912,691947,388976.63
Baksa,Assam,324,2390.03,2390.03,100,1087,1087,950075,950075,149288,149288,94591,94591,89531,89531,1087,950075,149288,94591,89531,1087,950075,149288,94591,89531
Baramula,Jammu & Kashmir,8,1782.19,1782.19,100,642,642,1008039,1008039,57495,57495,62246,62246,126466,126466,642,1008039,57495,62246,126466,642,1008039,57495,62246,126466
Champawat,Uttarakhand,65,1661.62,1661.62,100,303,303,259648,259648,59993,59993,4032,4032,36274,36274,303,259648,59993,4032,36274,303,259648,59993,4032,36274
Champhai,Mizoram,284,3381.44,3381.44,100,223,223,125745,125745,38336,38336,5823,5823,20200,20200,223,125745,38336,5823,20200,223,125745,38336,5823,20200
Chandel,Manipur,280,3212.21,3212.21,100,97,97,144182,144182,43255,43255,8315,8315,6265,6265,97,144182,43255,8315,6265,97,144182,43255,8315,6265
Changlang,Arunanchal Pradesh,253,5078.78,5078.78,100,494,494,148226,148226,39732,39732,4208,4208,8882,8882,494,148226,39732,4208,8882,494,148226,39732,4208,8882
Chirang,Assam,320,1744.61,1744.61,100,443,443,482162,482162,80328,80328,35224,35224,44847,44847,443,482162,80328,35224,44847,443,482162,80328,35224,44847
Dakshin Dinajpur,West Bengal,331,2186.92,2186.92,100,1922,1922,1676276,1676276,193276,193276,279932,279932,222573,222573,1922,1676276,193276,279932,222573,1922,1676276,193276,279932,222573
Darjiling,West Bengal,327,3217.42,3217.42,100,1513,1513,1846823,1846823,76178,76178,66041,66041,104358,104358,1513,1846823,76178,66041,104358,1513,1846823,76178,66041,104358
Dhalai,Tripura,291,2275.06,2275.06,100,374,374,378230,378230,45956,45956,42201,42201,73512,73512,374,378230,45956,42201,73512,374,378230,45956,42201,73512
East Sikkim,Sikkim,244,949.97,949.97,100,290,290,1992929,1992929,31489,31489,11483,11483,24566,24566,290,1992929,31489,11483,24566,290,1992929,31489,11483,24566
Ganderbal,Jammu & Kashmir,11,1075.1,1075.1,100,148,148,297446,297446,15337,15337,19312,19312,39817,39817,148,297446,15337,19312,39817,148,297446,15337,19312,39817
Jalpaiguri,West Bengal,328,6272.18,6272.18,100,,,3872846,3872846,,,,,,,,3872846,,,,0,3872846,0,0,0
Jammu,Jammu & Kashmir,21,2018.91,2018.91,100,1017,1017,1529958,1529958,68613,68613,36873,36873,140246,140246,1017,1529958,68613,36873,140246,1017,1529958,68613,36873,140246
Karimganj,Assam,317,1885.26,1885.26,100,818,818,1228686,1228686,94348,94348,67033,67033,50190,50190,818,1228686,94348,67033,50190,818,1228686,94348,67033,50190
Kiphire,Nagaland,269,1158.4,1158.4,100,422,422,74004,74004,21432,21432,1259,1259,8739,8739,422,74004,21432,1259,8739,422,74004,21432,1259,8739
Kishanganj,Bihar,210,1948.83,1948.83,100,1357,1357,1690400,1690400,107862,107862,321867,321867,311396,311396,1357,1690400,107862,321867,311396,1357,1690400,107862,321867,311396
Koch Bihar,West Bengal,329,3434.68,3434.68,100,2725,2725,2819086,2819086,364797,364797,391875,391875,323278,323278,2725,2819086,364797,391875,323278,2725,2819086,364797,391875,323278
Kupwara,Jammu & Kashmir,1,2018.23,2018.23,100,,,870354,870354,34680,34680,56759,56759,,,,870354,34680,56759,,0,870354,34680,56759,0
Lawangtlai,Mizoram,287,2015.97,2015.97,100,97,97,117894,117894,29189,29189,,,11682,11682,97,117894,29189,,11682,97,117894,29189,0,11682
Longleng,Nagaland,268,569.01,569.01,100,544,544,50484,50484,22501,22501,1309,1309,6689,6689,544,50484,22501,1309,6689,544,50484,22501,1309,6689
Lunglei,Mizoram,286,4558.91,4558.91,100,158,158,161428,161428,45439,45439,10662,10662,15754,15754,158,161428,45439,10662,15754,158,161428,45439,10662,15754
Mon,Nagaland,261,1856.22,1856.22,100,1298,1298,250260,250260,113473,113473,10836,10836,24066,24066,1298,250260,113473,10836,24066,1298,250260,113473,10836,24066
North Sikkim,Sikkim,241,4293.7,4293.7,100,160,160,931687,931687,7313,7313,2262,2262,3570,3570,160,931687,7313,2262,3570,160,931687,7313,2262,3570
North Tripura,Tripura,292,2063.56,2063.56,100,,,693947,693947,,,,,,,,693947,,,,0,693947,0,0,0
Punch,Jammu & Kashmir,5,2409.89,2409.89,100,447,447,476835,476835,54264,54264,31583,31583,52131,52131,447,476835,54264,31583,52131,447,476835,54264,31583,52131
Rajouri,Jammu & Kashmir,6,1939.59,1939.59,100,787,787,642415,642415,136527,136527,,,77725,77725,787,642415,136527,,77725,787,642415,136527,0,77725
Saiha,Mizoram,288,1991.85,1991.85,100,39,39,56574,56574,8908,8908,957,957,4120,4120,39,56574,8908,957,4120,39,56574,8908,957,4120
Samba,Jammu & Kashmir,22,987.72,987.72,100,389,389,318898,318898,16894,16894,6105,6105,44174,44174,389,318898,16894,6105,44174,389,318898,16894,6105,44174
Sheohar,Bihar,205,290.49,290.49,100,321,321,656246,656246,38727,38727,136334,136334,87803,87803,321,656246,38727,136334,87803,321,656246,38727,136334,87803
South Sikkim,Sikkim,243,736.71,736.71,100,301,301,2878779,2878779,37802,37802,4188,4188,22829,22829,301,2878779,37802,4188,22829,301,2878779,37802,4188,22829
South Garo Hills,Meghalaya,295,1938.97,1938.97,100,210,210,142334,142334,28145,28145,5565,5565,12768,12768,210,142334,28145,5565,12768,210,142334,28145,5565,12768
South Tripura,Tripura,290,3172.91,3172.91,100,,,876001,876001,,,,,,,,876001,,,,0,876001,0,0,0
Tawang,Arunanchal Pradesh,245,2375.65,2375.65,100,45,45,49977,49977,7631,7631,1581,1581,6320,6320,45,49977,7631,1581,6320,45,49977,7631,1581,6320
Tirap,Arunanchal Pradesh,254,2046.98,2046.98,100,,,111975,111975,,,,,,,,111975,,,,0,111975,0,0,0
Udalguri,Assam,326,2056.91,2056.91,100,1053,1053,831668,831668,124824,124824,72744,72744,101548,101548,1053,831668,124824,72744,101548,1053,831668,124824,72744,101548
Uttar Dinajpur,West Bengal,330,3253.12,3253.12,100,2518,2518,3007134,3007134,257377,257377,442328,442328,285982,285982,2518,3007134,257377,442328,285982,2518,3007134,257377,442328,285982
West Sikkim,Sikkim,242,1209.43,1209.43,100,315,315,2679678,2679678,40797,40797,8053,8053,23963,23963,315,2679678,40797,8053,23963,315,2679678,40797,8053,23963
West Tripura,Tripura,289,3024.23,3024.23,100,,,1725739,1725739,,,,,,,,1725739,,,,,,,,
